"","ID","banco","idade","sexo","faixaatraso","acionamentos","pagamento","desconto"
"1",1,"Itau",31,"Feminino",52,26,TRUE,6.39789024046622
"2",2,"Santander",28,"Masculino",62,27,FALSE,7.29756278186105
"3",3,"Bradesco",56,"Feminino",92,26,TRUE,19.1260492845438
"4",4,"Sofisa",34,"Masculino",72,57,FALSE,5.9528334017843
"5",5,"Citibank",30,"Feminino",50,18,TRUE,8.44751711925492
"6",6,"Itau",46,"Masculino",74,65,FALSE,9.08317076284438
"7",7,"Santander",41,"Feminino",51,39,TRUE,9.25283121410757
"8",8,"Bradesco",45,"Masculino",56,63,FALSE,8.54962468836457
"9",9,"Sofisa",27,"Feminino",57,49,TRUE,9.42108531375415
"10",10,"Citibank",54,"Masculino",67,21,FALSE,7.60195353413001
"11",11,"Itau",35,"Feminino",56,23,TRUE,8.8709787087515
"12",12,"Santander",23,"Masculino",58,56,FALSE,8.09592784899287
"13",13,"Bradesco",31,"Feminino",51,11,TRUE,6.38740043323487
"14",14,"Sofisa",48,"Masculino",98,23,FALSE,18.6489512633998
"15",15,"Citibank",53,"Feminino",73,29,TRUE,5.92192219807766
"16",16,"Itau",47,"Masculino",64,35,FALSE,6.18348981640302
"17",17,"Santander",28,"Feminino",88,13,TRUE,18.9303330014925
"18",18,"Bradesco",51,"Masculino",54,10,FALSE,8.41083860667422
"19",19,"Sofisa",33,"Feminino",82,65,TRUE,7.08431177991442
"20",20,"Citibank",32,"Masculino",62,10,FALSE,5.6174636839889
"21",21,"Itau",24,"Feminino",80,52,TRUE,5.83199442834593
"22",22,"Santander",40,"Masculino",96,61,FALSE,19.4947849400807
"23",23,"Bradesco",46,"Feminino",57,62,TRUE,7.45176183483563
"24",24,"Sofisa",52,"Masculino",59,25,FALSE,5.89769051694311
"25",25,"Citibank",43,"Feminino",61,56,TRUE,6.80698432242498
"26",26,"Itau",24,"Masculino",85,48,FALSE,5.95446971468627
"27",27,"Santander",39,"Feminino",73,19,TRUE,6.18514496050775
"28",28,"Bradesco",29,"Masculino",52,28,FALSE,8.99414124451578
"29",29,"Sofisa",26,"Feminino",88,35,TRUE,18.9159919109661
"30",30,"Citibank",27,"Masculino",66,22,FALSE,8.35889149243012
"31",31,"Itau",43,"Feminino",80,17,TRUE,7.81159730707295
"32",32,"Santander",27,"Masculino",89,65,FALSE,18.6295388534665
"33",33,"Bradesco",57,"Feminino",56,66,TRUE,6.04846198493615
"34",34,"Sofisa",34,"Masculino",75,17,FALSE,8.63793250722811
"35",35,"Citibank",36,"Feminino",81,42,TRUE,8.17723002135754
"36",36,"Itau",41,"Masculino",62,35,FALSE,9.05472550694831
"37",37,"Santander",24,"Feminino",96,44,TRUE,19.4994876971468
"38",38,"Bradesco",47,"Masculino",51,54,FALSE,5.8676905060187
"39",39,"Sofisa",41,"Feminino",51,50,TRUE,8.53961314694025
"40",40,"Citibank",42,"Masculino",61,64,FALSE,8.71807737862691
"41",41,"Itau",54,"Feminino",98,18,TRUE,18.9517245264724
"42",42,"Santander",49,"Masculino",50,47,FALSE,5.65044953431934
"43",43,"Bradesco",30,"Feminino",54,29,TRUE,5.76082327389158
"44",44,"Sofisa",49,"Masculino",90,31,FALSE,19.4848884704057
"45",45,"Citibank",53,"Feminino",97,62,TRUE,18.2578502726276
"46",46,"Itau",26,"Masculino",89,66,FALSE,19.2262083823793
"47",47,"Santander",23,"Feminino",60,14,TRUE,7.2500645830296
"48",48,"Bradesco",49,"Masculino",87,30,FALSE,18.6081300276797
"49",49,"Sofisa",51,"Feminino",78,57,TRUE,6.64853141838685
"50",50,"Citibank",25,"Masculino",92,14,FALSE,18.7405688717496
"51",51,"Itau",27,"Feminino",83,50,TRUE,6.91086495141499
"52",52,"Santander",31,"Masculino",89,39,FALSE,18.7127935977187
"53",53,"Bradesco",57,"Feminino",66,42,TRUE,7.72840363588184
"54",54,"Sofisa",55,"Masculino",53,37,FALSE,6.0531502073165
"55",55,"Citibank",51,"Feminino",57,24,TRUE,8.94505014223978
"56",56,"Itau",46,"Masculino",62,34,FALSE,6.84656910947524
"57",57,"Santander",49,"Feminino",61,31,TRUE,8.58282340453006
"58",58,"Bradesco",35,"Masculino",83,11,FALSE,8.60692434390075
"59",59,"Sofisa",42,"Feminino",65,23,TRUE,7.67003860874101
"60",60,"Citibank",53,"Masculino",64,21,FALSE,8.57910649357363
"61",61,"Itau",23,"Feminino",71,14,TRUE,7.09008763749152
"62",62,"Santander",48,"Masculino",56,32,FALSE,7.93075543064624
"63",63,"Bradesco",44,"Feminino",72,46,TRUE,6.72279370739125
"64",64,"Sofisa",26,"Masculino",85,22,FALSE,9.16903136731125
"65",65,"Citibank",29,"Feminino",54,31,TRUE,7.35795884472318
"66",66,"Itau",44,"Masculino",53,13,FALSE,5.5563024232164
"67",67,"Santander",54,"Feminino",99,26,TRUE,19.4484129538294
"68",68,"Bradesco",25,"Masculino",52,28,FALSE,6.04771527010016
"69",69,"Sofisa",43,"Feminino",67,11,TRUE,8.32341288547032
"70",70,"Citibank",23,"Masculino",80,64,FALSE,6.70703334603459
"71",71,"Itau",44,"Feminino",83,62,TRUE,6.22904935381375
"72",72,"Santander",44,"Masculino",60,51,FALSE,6.60303623876534
"73",73,"Bradesco",24,"Feminino",86,11,TRUE,19.2799361778423
"74",74,"Sofisa",26,"Masculino",96,12,FALSE,18.4096803458873
"75",75,"Citibank",34,"Feminino",83,48,TRUE,5.57717210049741
"76",76,"Itau",28,"Masculino",56,11,FALSE,7.09903231114149
"77",77,"Santander",56,"Feminino",77,55,TRUE,8.37299722502939
"78",78,"Bradesco",34,"Masculino",53,27,FALSE,8.27816146905534
"79",79,"Sofisa",25,"Feminino",87,13,TRUE,18.6550835565198
"80",80,"Citibank",33,"Masculino",91,66,FALSE,18.7399543293286
"81",81,"Itau",29,"Feminino",56,12,TRUE,5.72745120348409
"82",82,"Santander",26,"Masculino",87,26,FALSE,18.5130058039911
"83",83,"Bradesco",22,"Feminino",93,52,TRUE,18.2394956687
"84",84,"Sofisa",30,"Masculino",94,51,FALSE,19.1886100764852
"85",85,"Citibank",31,"Feminino",74,52,TRUE,7.80731261731125
"86",86,"Itau",25,"Masculino",84,40,FALSE,7.12205310007557
"87",87,"Santander",54,"Feminino",50,29,TRUE,6.6268978995271
"88",88,"Bradesco",47,"Masculino",62,66,FALSE,9.60798381497152
"89",89,"Sofisa",55,"Feminino",63,15,TRUE,6.27592274337076
"90",90,"Citibank",30,"Masculino",63,16,FALSE,6.10681244055741
"91",91,"Itau",48,"Feminino",68,66,TRUE,9.34785610353574
"92",92,"Santander",27,"Masculino",98,38,FALSE,18.1892640564591
"93",93,"Bradesco",22,"Feminino",82,15,TRUE,6.50000262469985
"94",94,"Sofisa",36,"Masculino",90,25,FALSE,18.6128340165596
"95",95,"Citibank",46,"Feminino",87,29,TRUE,18.2191050845198
"96",96,"Itau",44,"Masculino",85,19,FALSE,8.18381695253774
"97",97,"Santander",44,"Feminino",61,61,TRUE,7.53535353410989
"98",98,"Bradesco",42,"Masculino",66,24,FALSE,7.25945517490618
"99",99,"Sofisa",23,"Feminino",85,31,TRUE,5.95648556281813
"100",100,"Citibank",43,"Masculino",55,21,FALSE,9.55347646391019
"101",101,"Itau",30,"Feminino",75,42,TRUE,6.08427233085968
"102",102,"Santander",50,"Masculino",89,17,FALSE,19.3321894980501
"103",103,"Bradesco",57,"Feminino",66,56,TRUE,8.77343258559704
"104",104,"Sofisa",56,"Masculino",98,64,FALSE,19.3513319895137
"105",105,"Citibank",33,"Feminino",61,56,TRUE,7.79097307594493
"106",106,"Itau",43,"Masculino",99,15,FALSE,18.4771105955821
"107",107,"Santander",24,"Feminino",85,59,TRUE,8.42050228766166
"108",108,"Bradesco",42,"Masculino",94,28,FALSE,18.4523861592636
"109",109,"Sofisa",44,"Feminino",77,23,TRUE,7.28184520900249
"110",110,"Citibank",45,"Masculino",87,56,FALSE,18.4728214645758
"111",111,"Itau",35,"Feminino",59,34,TRUE,6.63469518311322
"112",112,"Santander",42,"Masculino",63,64,FALSE,8.35498028770089
"113",113,"Bradesco",24,"Feminino",66,28,TRUE,5.57256337557919
"114",114,"Sofisa",32,"Masculino",92,59,FALSE,18.8043758156244
"115",115,"Citibank",41,"Feminino",69,66,TRUE,7.77213918105699
"116",116,"Itau",55,"Masculino",69,42,FALSE,6.63466149093583
"117",117,"Santander",46,"Feminino",75,48,TRUE,9.39315203344449
"118",118,"Bradesco",23,"Masculino",84,32,FALSE,6.96325355404988
"119",119,"Sofisa",29,"Feminino",83,21,TRUE,9.35141707742587
"120",120,"Citibank",46,"Masculino",80,58,FALSE,7.06793388477527
"121",121,"Itau",22,"Feminino",78,25,TRUE,6.73720214543864
"122",122,"Santander",39,"Masculino",58,46,FALSE,7.57086269324645
"123",123,"Bradesco",36,"Feminino",72,58,TRUE,8.41523565389216
"124",124,"Sofisa",28,"Masculino",87,59,FALSE,18.5466842990834
"125",125,"Citibank",42,"Feminino",77,37,TRUE,9.18573986510746
"126",126,"Itau",38,"Masculino",52,59,FALSE,6.73174611809663
"127",127,"Santander",48,"Feminino",56,51,TRUE,7.62783204731531
"128",128,"Bradesco",25,"Masculino",77,17,FALSE,9.18665659860708
"129",129,"Sofisa",54,"Feminino",90,43,TRUE,18.6186326752417
"130",130,"Citibank",41,"Masculino",79,16,FALSE,9.15842808489688
"131",131,"Itau",34,"Feminino",68,23,TRUE,5.51927919704467
"132",132,"Santander",30,"Masculino",93,49,FALSE,18.3943600458559
"133",133,"Bradesco",46,"Feminino",80,51,TRUE,5.84011510950513
"134",134,"Sofisa",24,"Masculino",68,60,FALSE,8.27212034547701
"135",135,"Citibank",25,"Feminino",65,24,TRUE,7.10516199623235
"136",136,"Itau",28,"Masculino",98,45,FALSE,19.0145415151492
"137",137,"Santander",46,"Feminino",84,26,TRUE,9.30361945787445
"138",138,"Bradesco",38,"Masculino",79,47,FALSE,6.3995271498803
"139",139,"Sofisa",26,"Feminino",72,23,TRUE,9.09320361539721
"140",140,"Citibank",32,"Masculino",94,56,FALSE,18.38720414415
"141",141,"Itau",29,"Feminino",86,16,TRUE,18.3348230712581
"142",142,"Santander",43,"Masculino",75,50,FALSE,5.54164823978208
"143",143,"Bradesco",34,"Feminino",65,62,TRUE,7.23117898227647
"144",144,"Sofisa",54,"Masculino",50,36,FALSE,8.57249434753321
"145",145,"Citibank",49,"Feminino",63,11,TRUE,9.30155480331741
"146",146,"Itau",46,"Masculino",97,18,FALSE,18.4940472670831
"147",147,"Santander",56,"Feminino",52,49,TRUE,8.37649382646195
"148",148,"Bradesco",23,"Masculino",60,14,FALSE,6.64763261056505
"149",149,"Sofisa",30,"Feminino",80,49,TRUE,9.62030469239689
"150",150,"Citibank",49,"Masculino",68,38,FALSE,7.85310895633884
"151",151,"Itau",39,"Feminino",77,43,TRUE,8.71490603177808
"152",152,"Santander",26,"Masculino",85,51,FALSE,6.49671752005816
"153",153,"Bradesco",51,"Feminino",92,12,TRUE,18.6117818725295
"154",154,"Sofisa",44,"Masculino",68,20,FALSE,7.38783828294836
"155",155,"Citibank",51,"Feminino",66,16,TRUE,6.18298601987772
"156",156,"Itau",52,"Masculino",63,66,FALSE,8.10455939387903
"157",157,"Santander",36,"Feminino",54,50,TRUE,7.46177252745256
"158",158,"Bradesco",47,"Masculino",93,41,FALSE,18.7648400775157
"159",159,"Sofisa",55,"Feminino",51,64,TRUE,6.49518443504348
"160",160,"Citibank",32,"Masculino",88,22,FALSE,18.3660881005228
"161",161,"Itau",51,"Feminino",79,44,TRUE,7.99112263699062
"162",162,"Santander",52,"Masculino",57,31,FALSE,5.76446986878291
"163",163,"Bradesco",47,"Feminino",98,28,TRUE,18.8148138169199
"164",164,"Sofisa",37,"Masculino",51,54,FALSE,8.56806928673759
"165",165,"Citibank",24,"Feminino",98,50,TRUE,18.918285019882
"166",166,"Itau",43,"Masculino",60,66,FALSE,6.55107844402082
"167",167,"Santander",36,"Feminino",55,31,TRUE,6.36094839908183
"168",168,"Bradesco",53,"Masculino",53,28,FALSE,8.04822395127267
"169",169,"Sofisa",40,"Feminino",72,36,TRUE,5.63326764157973
"170",170,"Citibank",36,"Masculino",66,38,FALSE,9.65776906469837
"171",171,"Itau",25,"Feminino",78,50,TRUE,6.63238639864139
"172",172,"Santander",32,"Masculino",50,58,FALSE,9.07047262671404
"173",173,"Bradesco",27,"Feminino",62,61,TRUE,8.06460636132397
"174",174,"Sofisa",57,"Masculino",60,19,FALSE,8.31883197659626
"175",175,"Citibank",44,"Feminino",76,20,TRUE,5.96451541278511
"176",176,"Itau",53,"Masculino",79,32,FALSE,7.63282168726437
"177",177,"Santander",45,"Feminino",63,43,TRUE,6.44953691405244
"178",178,"Bradesco",37,"Masculino",61,16,FALSE,9.36017904039472
"179",179,"Sofisa",32,"Feminino",69,10,TRUE,6.15263565196656
"180",180,"Citibank",57,"Masculino",86,59,FALSE,19.3438261020929
"181",181,"Itau",46,"Feminino",58,40,TRUE,7.6941288148053
"182",182,"Santander",45,"Masculino",50,63,FALSE,8.19085467671975
"183",183,"Bradesco",48,"Feminino",76,37,TRUE,8.29916761852801
"184",184,"Sofisa",27,"Masculino",93,46,FALSE,19.3313103940338
"185",185,"Citibank",34,"Feminino",88,37,TRUE,18.3176615593489
"186",186,"Itau",38,"Masculino",88,18,FALSE,18.474320225371
"187",187,"Santander",50,"Feminino",92,17,TRUE,19.4909054805525
"188",188,"Bradesco",57,"Masculino",58,45,FALSE,7.47618530928157
"189",189,"Sofisa",49,"Feminino",95,52,TRUE,18.7465942063369
"190",190,"Citibank",32,"Masculino",92,66,FALSE,18.1163231258746
"191",191,"Itau",22,"Feminino",89,34,TRUE,19.0266425221227
"192",192,"Santander",44,"Masculino",54,20,FALSE,9.00659850612283
"193",193,"Bradesco",39,"Feminino",84,61,TRUE,8.27864096602425
"194",194,"Sofisa",25,"Masculino",53,62,FALSE,5.52506902669556
"195",195,"Citibank",37,"Feminino",87,56,TRUE,19.4034649909474
"196",196,"Itau",39,"Masculino",58,29,FALSE,8.79391646720469
"197",197,"Santander",47,"Feminino",72,50,TRUE,6.32364607173949
"198",198,"Bradesco",41,"Masculino",58,42,FALSE,5.58173566064797
"199",199,"Sofisa",44,"Feminino",95,50,TRUE,18.760619773902
"200",200,"Citibank",53,"Masculino",53,46,FALSE,5.55605140211992
"201",201,"Itau",33,"Feminino",76,63,TRUE,6.63550575897098
"202",202,"Santander",27,"Masculino",85,58,FALSE,6.06851942688227
"203",203,"Bradesco",41,"Feminino",68,18,TRUE,8.83080065911636
"204",204,"Sofisa",42,"Masculino",61,29,FALSE,5.72073770123534
"205",205,"Citibank",33,"Feminino",91,34,TRUE,19.027591724135
"206",206,"Itau",51,"Masculino",64,20,FALSE,6.34152096975595
"207",207,"Santander",25,"Feminino",97,49,TRUE,18.2345180861186
"208",208,"Bradesco",23,"Masculino",65,66,FALSE,8.43400002578273
"209",209,"Sofisa",54,"Feminino",65,40,TRUE,8.55458389152773
"210",210,"Citibank",31,"Masculino",52,28,FALSE,8.00367760336958
"211",211,"Itau",23,"Feminino",56,43,TRUE,6.21349741476588
"212",212,"Santander",26,"Masculino",73,61,FALSE,7.78093602824956
"213",213,"Bradesco",38,"Feminino",51,56,TRUE,7.04815037683584
"214",214,"Sofisa",30,"Masculino",85,16,FALSE,6.36802016552538
"215",215,"Citibank",28,"Feminino",90,57,TRUE,19.2228817054071
"216",216,"Itau",37,"Masculino",59,21,FALSE,7.1447368293535
"217",217,"Santander",27,"Feminino",80,32,TRUE,5.77423412464559
"218",218,"Bradesco",26,"Masculino",97,57,FALSE,18.3604740629904
"219",219,"Sofisa",43,"Feminino",75,53,TRUE,5.88026325334795
"220",220,"Citibank",31,"Masculino",76,26,FALSE,9.59932775441557
"221",221,"Itau",47,"Feminino",50,44,TRUE,8.69484173287637
"222",222,"Santander",55,"Masculino",50,22,FALSE,5.99380601630546
"223",223,"Bradesco",45,"Feminino",65,14,TRUE,6.09694429966621
"224",224,"Sofisa",55,"Masculino",88,50,FALSE,18.1801868935581
"225",225,"Citibank",36,"Feminino",81,49,TRUE,6.96895087738521
"226",226,"Itau",49,"Masculino",88,29,FALSE,18.7926249182317
"227",227,"Santander",33,"Feminino",75,48,TRUE,9.69175399164669
"228",228,"Bradesco",30,"Masculino",99,50,FALSE,18.1432033406571
"229",229,"Sofisa",54,"Feminino",70,45,TRUE,6.97661126242019
"230",230,"Citibank",44,"Masculino",86,47,FALSE,19.496573640313
"231",231,"Itau",38,"Feminino",52,52,TRUE,5.95588643192314
"232",232,"Santander",31,"Masculino",93,39,FALSE,19.3305400807876
"233",233,"Bradesco",35,"Feminino",99,33,TRUE,18.5370956713799
"234",234,"Sofisa",28,"Masculino",92,28,FALSE,18.5145289028063
"235",235,"Citibank",40,"Feminino",98,40,TRUE,18.7535504401196
"236",236,"Itau",51,"Masculino",64,40,FALSE,8.8150538708549
"237",237,"Santander",53,"Feminino",52,30,TRUE,7.94232074823231
"238",238,"Bradesco",29,"Masculino",94,11,FALSE,18.702016304899
"239",239,"Sofisa",44,"Feminino",55,36,TRUE,9.55925526004285
"240",240,"Citibank",52,"Masculino",71,17,FALSE,9.33013295037672
"241",241,"Itau",34,"Feminino",65,41,TRUE,5.6226449040696
"242",242,"Santander",23,"Masculino",81,62,FALSE,9.16268515028059
"243",243,"Bradesco",27,"Feminino",79,47,TRUE,7.28831811053678
"244",244,"Sofisa",40,"Masculino",95,57,FALSE,18.6162606614642
"245",245,"Citibank",24,"Feminino",61,36,TRUE,7.56594412918203
"246",246,"Itau",35,"Masculino",76,25,FALSE,6.73284746818244
"247",247,"Santander",32,"Feminino",51,25,TRUE,7.8173706416972
"248",248,"Bradesco",43,"Masculino",99,14,FALSE,18.6404358102009
"249",249,"Sofisa",24,"Feminino",94,50,TRUE,18.3191436732188
"250",250,"Citibank",22,"Masculino",71,28,FALSE,8.70195801379159
"251",251,"Itau",44,"Feminino",50,25,TRUE,6.06116996058263
"252",252,"Santander",26,"Masculino",77,10,FALSE,5.73883194066584
"253",253,"Bradesco",42,"Feminino",77,11,TRUE,8.38405018271878
"254",254,"Sofisa",25,"Masculino",56,55,FALSE,5.77684454377741
"255",255,"Citibank",31,"Feminino",79,45,TRUE,6.89196952972561
"256",256,"Itau",29,"Masculino",61,65,FALSE,7.83379003745504
"257",257,"Santander",23,"Feminino",96,62,TRUE,19.0246937714983
"258",258,"Bradesco",53,"Masculino",50,39,FALSE,8.38245113617741
"259",259,"Sofisa",43,"Feminino",66,10,TRUE,5.71180529030971
"260",260,"Citibank",48,"Masculino",78,41,FALSE,7.69031865042634
"261",261,"Itau",26,"Feminino",94,14,TRUE,18.393409285089
"262",262,"Santander",26,"Masculino",96,20,FALSE,18.9992215700913
"263",263,"Bradesco",27,"Feminino",90,45,TRUE,18.7857283539139
"264",264,"Sofisa",23,"Masculino",67,18,FALSE,5.80149130346254
"265",265,"Citibank",34,"Feminino",77,11,TRUE,8.34124179435894
"266",266,"Itau",26,"Masculino",86,33,FALSE,19.2492296834011
"267",267,"Santander",55,"Feminino",88,51,TRUE,18.4771874172147
"268",268,"Bradesco",52,"Masculino",68,43,FALSE,9.23917202362791
"269",269,"Sofisa",34,"Feminino",61,26,TRUE,6.17175846211612
"270",270,"Citibank",41,"Masculino",66,53,FALSE,7.33794952370226
"271",271,"Itau",34,"Feminino",72,37,TRUE,8.19901207955554
"272",272,"Santander",27,"Masculino",59,22,FALSE,8.18756990358233
"273",273,"Bradesco",57,"Feminino",56,49,TRUE,8.44558480530977
"274",274,"Sofisa",38,"Masculino",92,47,FALSE,18.8985226799734
"275",275,"Citibank",35,"Feminino",87,38,TRUE,18.8220506457612
"276",276,"Itau",45,"Masculino",60,36,FALSE,5.94778131288476
"277",277,"Santander",53,"Feminino",65,54,TRUE,7.45686022187583
"278",278,"Bradesco",23,"Masculino",66,65,FALSE,8.0241730524227
"279",279,"Sofisa",23,"Feminino",60,60,TRUE,8.88266084394418
"280",280,"Citibank",45,"Masculino",61,14,FALSE,6.30037448760122
"281",281,"Itau",29,"Feminino",73,61,TRUE,7.46289851446636
"282",282,"Santander",56,"Masculino",58,53,FALSE,8.24732620720751
"283",283,"Bradesco",38,"Feminino",59,47,TRUE,8.70991922868416
"284",284,"Sofisa",52,"Masculino",56,39,FALSE,8.59798747869208
"285",285,"Citibank",36,"Feminino",62,14,TRUE,7.8440995386336
"286",286,"Itau",53,"Masculino",60,48,FALSE,8.5125646925997
"287",287,"Santander",39,"Feminino",68,15,TRUE,6.99555639312603
"288",288,"Bradesco",34,"Masculino",60,66,FALSE,7.63213623031042
"289",289,"Sofisa",30,"Feminino",72,37,TRUE,7.20799615816213
"290",290,"Citibank",30,"Masculino",91,43,FALSE,18.9616529075894
"291",291,"Itau",30,"Feminino",90,64,TRUE,19.3568965807557
"292",292,"Santander",50,"Masculino",87,42,FALSE,18.8160443904344
"293",293,"Bradesco",57,"Feminino",57,48,TRUE,5.9677331096027
"294",294,"Sofisa",33,"Masculino",90,15,FALSE,18.525390974991
"295",295,"Citibank",30,"Feminino",76,19,TRUE,6.99157062340528
"296",296,"Itau",29,"Masculino",93,48,FALSE,19.049673070712
"297",297,"Santander",50,"Feminino",79,56,TRUE,6.40105450446717
"298",298,"Bradesco",31,"Masculino",93,19,FALSE,19.4937667043414
"299",299,"Sofisa",39,"Feminino",71,31,TRUE,7.56037395778112
"300",300,"Citibank",47,"Masculino",76,29,FALSE,7.70738914697431
"301",301,"Itau",38,"Feminino",67,56,TRUE,5.84269105806015
"302",302,"Santander",22,"Masculino",52,55,FALSE,9.21611546059139
"303",303,"Bradesco",25,"Feminino",69,23,TRUE,5.8182113872841
"304",304,"Sofisa",55,"Masculino",73,31,FALSE,8.83829283458181
"305",305,"Citibank",36,"Feminino",52,22,TRUE,7.49371240846813
"306",306,"Itau",32,"Masculino",89,49,FALSE,19.2592296756338
"307",307,"Santander",30,"Feminino",82,63,TRUE,6.11450778315775
"308",308,"Bradesco",53,"Masculino",71,32,FALSE,5.95239446568303
"309",309,"Sofisa",23,"Feminino",84,35,TRUE,6.59800652787089
"310",310,"Citibank",35,"Masculino",87,14,FALSE,19.4746713647153
"311",311,"Itau",51,"Feminino",63,37,TRUE,9.53997208005749
"312",312,"Santander",33,"Masculino",96,52,FALSE,18.8187028428074
"313",313,"Bradesco",37,"Feminino",58,59,TRUE,9.03425279380754
"314",314,"Sofisa",54,"Masculino",89,25,FALSE,19.3146759807598
"315",315,"Citibank",48,"Feminino",78,33,TRUE,8.59654649416916
"316",316,"Itau",24,"Masculino",54,20,FALSE,7.38686502748169
"317",317,"Santander",31,"Feminino",69,47,TRUE,6.85869200844318
"318",318,"Bradesco",22,"Masculino",97,66,FALSE,18.5776762385853
"319",319,"Sofisa",34,"Feminino",86,47,TRUE,19.0119488261174
"320",320,"Citibank",37,"Masculino",94,59,FALSE,19.4375448144972
"321",321,"Itau",48,"Feminino",56,16,TRUE,9.5938742950093
"322",322,"Santander",35,"Masculino",88,11,FALSE,18.4606433826964
"323",323,"Bradesco",22,"Feminino",71,63,TRUE,5.62883385997266
"324",324,"Sofisa",38,"Masculino",72,27,FALSE,9.24496484072879
"325",325,"Citibank",39,"Feminino",82,64,TRUE,6.77961086579598
"326",326,"Itau",53,"Masculino",65,45,FALSE,9.32676628590561
"327",327,"Santander",35,"Feminino",72,18,TRUE,7.80320783364586
"328",328,"Bradesco",55,"Masculino",75,61,FALSE,8.12799525060691
"329",329,"Sofisa",32,"Feminino",57,20,TRUE,5.97809910438955
"330",330,"Citibank",48,"Masculino",53,23,FALSE,8.85121335238218
"331",331,"Itau",29,"Feminino",78,60,TRUE,7.06497743190266
"332",332,"Santander",45,"Masculino",93,36,FALSE,18.5471933273133
"333",333,"Bradesco",56,"Feminino",85,27,TRUE,8.16470821420662
"334",334,"Sofisa",36,"Masculino",56,42,FALSE,7.93379755048081
"335",335,"Citibank",49,"Feminino",75,14,TRUE,8.44379016049206
"336",336,"Itau",37,"Masculino",54,35,FALSE,8.04173880657181
"337",337,"Santander",53,"Feminino",64,56,TRUE,8.6193572551012
"338",338,"Bradesco",52,"Masculino",92,42,FALSE,18.7823110918514
"339",339,"Sofisa",51,"Feminino",65,26,TRUE,6.58615003316663
"340",340,"Citibank",35,"Masculino",85,24,FALSE,5.74602730832994
"341",341,"Itau",31,"Feminino",92,40,TRUE,18.2498340208549
"342",342,"Santander",27,"Masculino",57,12,FALSE,6.15945510650054
"343",343,"Bradesco",36,"Feminino",80,61,TRUE,8.93516976991668
"344",344,"Sofisa",50,"Masculino",52,24,FALSE,7.30847179042175
"345",345,"Citibank",42,"Feminino",97,19,TRUE,19.3657791385893
"346",346,"Itau",23,"Masculino",94,19,FALSE,18.362832781719
"347",347,"Santander",44,"Feminino",95,35,TRUE,18.1532409027219
"348",348,"Bradesco",52,"Masculino",90,65,FALSE,18.8862683827523
"349",349,"Sofisa",26,"Feminino",60,27,TRUE,9.16922822315246
"350",350,"Citibank",43,"Masculino",72,12,FALSE,7.77676044348627
"351",351,"Itau",45,"Feminino",82,48,TRUE,5.99101455379278
"352",352,"Santander",54,"Masculino",71,65,FALSE,6.28374593611807
"353",353,"Bradesco",36,"Feminino",93,40,TRUE,18.6384171340149
"354",354,"Sofisa",50,"Masculino",75,58,FALSE,8.3802157735452
"355",355,"Citibank",38,"Feminino",92,41,TRUE,18.6529974588193
"356",356,"Itau",42,"Masculino",71,11,FALSE,6.79504430722445
"357",357,"Santander",36,"Feminino",60,29,TRUE,5.72441560812294
"358",358,"Bradesco",38,"Masculino",52,11,FALSE,6.6038683350198
"359",359,"Sofisa",29,"Feminino",57,41,TRUE,8.13706102110445
"360",360,"Citibank",22,"Masculino",73,52,FALSE,7.08407738977112
"361",361,"Itau",48,"Feminino",80,56,TRUE,8.04216426149942
"362",362,"Santander",26,"Masculino",54,20,FALSE,8.50076096281409
"363",363,"Bradesco",30,"Feminino",79,44,TRUE,6.87764832521789
"364",364,"Sofisa",36,"Masculino",71,39,FALSE,6.0254521346651
"365",365,"Citibank",42,"Feminino",70,28,TRUE,8.02201390448026
"366",366,"Itau",54,"Masculino",57,14,FALSE,6.19842928126454
"367",367,"Santander",45,"Feminino",81,20,TRUE,9.14799723750912
"368",368,"Bradesco",36,"Masculino",94,51,FALSE,18.6935817110352
"369",369,"Sofisa",37,"Feminino",51,41,TRUE,7.28275669123977
"370",370,"Citibank",42,"Masculino",92,44,FALSE,18.6930968464352
"371",371,"Itau",41,"Feminino",58,60,TRUE,8.57090442958288
"372",372,"Santander",57,"Masculino",55,19,FALSE,7.34536423864774
"373",373,"Bradesco",30,"Feminino",87,34,TRUE,18.9828086828347
"374",374,"Sofisa",56,"Masculino",94,56,FALSE,18.7005557084922
"375",375,"Citibank",34,"Feminino",86,36,TRUE,18.4688838809729
"376",376,"Itau",46,"Masculino",53,26,FALSE,9.45193990161642
"377",377,"Santander",25,"Feminino",60,60,TRUE,5.6927906375844
"378",378,"Bradesco",54,"Masculino",55,45,FALSE,5.94470840520225
"379",379,"Sofisa",38,"Feminino",84,36,TRUE,9.06377427391708
"380",380,"Citibank",51,"Masculino",77,53,FALSE,9.29949759831652
"381",381,"Itau",27,"Feminino",57,32,TRUE,6.98113398985006
"382",382,"Santander",30,"Masculino",84,18,FALSE,9.15757341897115
"383",383,"Bradesco",22,"Feminino",64,45,TRUE,6.60420882608742
"384",384,"Sofisa",32,"Masculino",66,31,FALSE,6.58954452835023
"385",385,"Citibank",54,"Feminino",87,10,TRUE,18.984038784029
"386",386,"Itau",54,"Masculino",79,45,FALSE,6.82037327433936
"387",387,"Santander",53,"Feminino",54,57,TRUE,7.85045393765904
"388",388,"Bradesco",36,"Masculino",63,34,FALSE,8.92504123682156
"389",389,"Sofisa",48,"Feminino",50,44,TRUE,6.97566816406324
"390",390,"Citibank",26,"Masculino",67,12,FALSE,6.46536579215899
"391",391,"Itau",32,"Feminino",76,38,TRUE,7.39502030829899
"392",392,"Santander",38,"Masculino",86,62,FALSE,18.2931835121941
"393",393,"Bradesco",45,"Feminino",98,15,TRUE,18.6025113578886
"394",394,"Sofisa",50,"Masculino",92,57,FALSE,19.3838910999708
"395",395,"Citibank",24,"Feminino",71,23,TRUE,8.50405797911808
"396",396,"Itau",38,"Masculino",62,36,FALSE,8.33577035060152
"397",397,"Santander",31,"Feminino",57,38,TRUE,6.45660060802475
"398",398,"Bradesco",29,"Masculino",66,59,FALSE,7.15112513080239
"399",399,"Sofisa",50,"Feminino",70,44,TRUE,6.48530273572542
"400",400,"Citibank",38,"Masculino",70,63,FALSE,9.30477148899809
"401",401,"Itau",38,"Feminino",78,43,TRUE,9.54833440827206
"402",402,"Santander",48,"Masculino",74,18,FALSE,6.16285933069885
"403",403,"Bradesco",31,"Feminino",73,16,TRUE,8.00242611118592
"404",404,"Sofisa",41,"Masculino",92,36,FALSE,19.1952310179826
"405",405,"Citibank",53,"Feminino",54,49,TRUE,8.177290238766
"406",406,"Itau",46,"Masculino",92,38,FALSE,19.1317482569255
"407",407,"Santander",46,"Feminino",53,64,TRUE,8.56617907579057
"408",408,"Bradesco",35,"Masculino",64,45,FALSE,6.50102450177073
"409",409,"Sofisa",46,"Feminino",73,34,TRUE,8.14608583077788
"410",410,"Citibank",48,"Masculino",95,30,FALSE,19.0228483882733
"411",411,"Itau",41,"Feminino",71,37,TRUE,5.86574041699059
"412",412,"Santander",50,"Masculino",90,38,FALSE,18.5025770365726
"413",413,"Bradesco",50,"Feminino",52,44,TRUE,7.37639806470834
"414",414,"Sofisa",49,"Masculino",97,25,FALSE,18.6762871681247
"415",415,"Citibank",38,"Feminino",91,47,TRUE,19.2262625688221
"416",416,"Itau",29,"Masculino",78,55,FALSE,9.50644397772849
"417",417,"Santander",38,"Feminino",93,32,TRUE,18.2915925648529
"418",418,"Bradesco",38,"Masculino",73,62,FALSE,5.61685179849155
"419",419,"Sofisa",33,"Feminino",65,49,TRUE,9.69511992367916
"420",420,"Citibank",44,"Masculino",80,15,FALSE,9.0872098411899
"421",421,"Itau",47,"Feminino",56,23,TRUE,7.04172652033158
"422",422,"Santander",50,"Masculino",77,22,FALSE,7.08468083119951
"423",423,"Bradesco",26,"Feminino",96,50,TRUE,19.2831332056783
"424",424,"Sofisa",43,"Masculino",67,29,FALSE,7.1663477668073
"425",425,"Citibank",45,"Feminino",52,11,TRUE,8.83270411849953
"426",426,"Itau",32,"Masculino",77,63,FALSE,7.14081051526591
"427",427,"Santander",25,"Feminino",76,34,TRUE,6.52062741126865
"428",428,"Bradesco",38,"Masculino",79,21,FALSE,5.80621993611567
"429",429,"Sofisa",44,"Feminino",83,66,TRUE,8.66050479337573
"430",430,"Citibank",33,"Masculino",76,61,FALSE,5.92424819632433
"431",431,"Itau",36,"Feminino",84,44,TRUE,6.26497049257159
"432",432,"Santander",41,"Masculino",50,33,FALSE,9.32821975317784
"433",433,"Bradesco",48,"Feminino",91,47,TRUE,18.5324238726404
"434",434,"Sofisa",54,"Masculino",61,64,FALSE,8.19937944984995
"435",435,"Citibank",35,"Feminino",74,21,TRUE,7.99432679982856
"436",436,"Itau",56,"Masculino",54,21,FALSE,9.12986594489776
"437",437,"Santander",54,"Feminino",74,47,TRUE,7.43286985629238
"438",438,"Bradesco",52,"Masculino",95,30,FALSE,18.5448141433299
"439",439,"Sofisa",43,"Feminino",84,26,TRUE,7.08259728089906
"440",440,"Citibank",44,"Masculino",59,16,FALSE,7.56279145511798
"441",441,"Itau",52,"Feminino",86,47,TRUE,18.9189536757302
"442",442,"Santander",29,"Masculino",78,51,FALSE,6.59191463622265
"443",443,"Bradesco",48,"Feminino",91,35,TRUE,19.032401147671
"444",444,"Sofisa",47,"Masculino",67,18,FALSE,6.90229263333604
"445",445,"Citibank",29,"Feminino",70,35,TRUE,7.28928841473535
"446",446,"Itau",51,"Masculino",98,36,FALSE,19.2195104060695
"447",447,"Santander",50,"Feminino",83,34,TRUE,7.70377453491092
"448",448,"Bradesco",38,"Masculino",89,48,FALSE,19.4493163802195
"449",449,"Sofisa",55,"Feminino",69,56,TRUE,6.8782996000722
"450",450,"Citibank",53,"Masculino",80,64,FALSE,6.21578740421683
"451",451,"Itau",46,"Feminino",55,33,TRUE,7.01051134774461
"452",452,"Santander",52,"Masculino",58,65,FALSE,5.75014397529885
"453",453,"Bradesco",29,"Feminino",87,58,TRUE,18.5147716825828
"454",454,"Sofisa",56,"Masculino",68,24,FALSE,8.22138131884858
"455",455,"Citibank",24,"Feminino",72,62,TRUE,5.66027363110334
"456",456,"Itau",43,"Masculino",92,52,FALSE,18.5818483423907
"457",457,"Santander",40,"Feminino",86,49,TRUE,18.9941418176983
"458",458,"Bradesco",27,"Masculino",80,28,FALSE,8.50179207213223
"459",459,"Sofisa",54,"Feminino",75,62,TRUE,7.30844295346178
"460",460,"Citibank",31,"Masculino",87,28,FALSE,19.3061650936492
"461",461,"Itau",55,"Feminino",84,66,TRUE,6.35484340079129
"462",462,"Santander",35,"Masculino",87,13,FALSE,18.9114596465137
"463",463,"Bradesco",39,"Feminino",75,17,TRUE,5.71150016752072
"464",464,"Sofisa",53,"Masculino",81,24,FALSE,6.59455795739777
"465",465,"Citibank",29,"Feminino",80,50,TRUE,6.13374432176352
"466",466,"Itau",26,"Masculino",72,58,FALSE,8.61689869817346
"467",467,"Santander",50,"Feminino",93,30,TRUE,18.9255352122244
"468",468,"Bradesco",31,"Masculino",67,40,FALSE,8.35159837696701
"469",469,"Sofisa",56,"Feminino",88,45,TRUE,19.3071728095878
"470",470,"Citibank",33,"Masculino",76,12,FALSE,5.95630320613273
"471",471,"Itau",53,"Feminino",80,31,TRUE,7.26763287284411
"472",472,"Santander",45,"Masculino",78,12,FALSE,6.0241683496628
"473",473,"Bradesco",40,"Feminino",72,23,TRUE,6.41150736901909
"474",474,"Sofisa",48,"Masculino",69,45,FALSE,8.79625737238675
"475",475,"Citibank",37,"Feminino",77,52,TRUE,7.79327136180364
"476",476,"Itau",34,"Masculino",71,60,FALSE,9.33213703352958
"477",477,"Santander",28,"Feminino",86,18,TRUE,18.1431984088384
"478",478,"Bradesco",29,"Masculino",78,58,FALSE,6.86265783999115
"479",479,"Sofisa",29,"Feminino",78,20,TRUE,5.82486233203672
"480",480,"Citibank",53,"Masculino",51,20,FALSE,6.98868241934106
"481",481,"Itau",38,"Feminino",86,49,TRUE,18.4929404095281
"482",482,"Santander",51,"Masculino",65,31,FALSE,7.26861705230549
"483",483,"Bradesco",52,"Feminino",99,33,TRUE,18.7486920869444
"484",484,"Sofisa",23,"Masculino",54,24,FALSE,5.77230540150777
"485",485,"Citibank",50,"Feminino",56,65,TRUE,8.09161650002934
"486",486,"Itau",46,"Masculino",89,60,FALSE,18.8090279265307
"487",487,"Santander",25,"Feminino",87,56,TRUE,19.461596857151
"488",488,"Bradesco",22,"Masculino",70,24,FALSE,7.40932772555388
"489",489,"Sofisa",27,"Feminino",99,16,TRUE,19.3473828974646
"490",490,"Citibank",41,"Masculino",52,47,FALSE,9.10331880715676
"491",491,"Itau",42,"Feminino",66,21,TRUE,6.5334901583381
"492",492,"Santander",26,"Masculino",99,25,FALSE,19.4813200759701
"493",493,"Bradesco",43,"Feminino",59,19,TRUE,5.91524241734296
"494",494,"Sofisa",36,"Masculino",89,30,FALSE,19.4662287521642
"495",495,"Citibank",51,"Feminino",58,21,TRUE,5.84597278605215
"496",496,"Itau",50,"Masculino",98,35,FALSE,19.48661693139
"497",497,"Santander",46,"Feminino",96,45,TRUE,18.4704403261188
"498",498,"Bradesco",38,"Masculino",93,29,FALSE,18.2544230028521
"499",499,"Sofisa",35,"Feminino",54,19,TRUE,7.88163984203711
"500",500,"Citibank",44,"Masculino",70,61,FALSE,8.50170674449764
"501",501,"Itau",39,"Feminino",92,35,TRUE,18.7911114121787
"502",502,"Santander",56,"Masculino",62,12,FALSE,6.46139271347784
"503",503,"Bradesco",53,"Feminino",68,24,TRUE,7.43714801277965
"504",504,"Sofisa",36,"Masculino",69,30,FALSE,7.54864597525448
"505",505,"Citibank",22,"Feminino",68,46,TRUE,6.86977491495199
"506",506,"Itau",53,"Masculino",77,29,FALSE,5.66759913717397
"507",507,"Santander",49,"Feminino",96,60,TRUE,18.112901560124
"508",508,"Bradesco",57,"Masculino",97,18,FALSE,18.5878949079197
"509",509,"Sofisa",47,"Feminino",64,13,TRUE,5.99950025537983
"510",510,"Citibank",55,"Masculino",59,27,FALSE,9.00289367893711
"511",511,"Itau",34,"Feminino",85,39,TRUE,9.3357617022004
"512",512,"Santander",55,"Masculino",52,51,FALSE,7.27467245305888
"513",513,"Bradesco",25,"Feminino",95,19,TRUE,18.6728612279519
"514",514,"Sofisa",23,"Masculino",74,48,FALSE,6.78681289679371
"515",515,"Citibank",22,"Feminino",88,38,TRUE,18.9507685486693
"516",516,"Itau",54,"Masculino",83,53,FALSE,6.63075317000039
"517",517,"Santander",28,"Feminino",79,11,TRUE,5.76733830189332
"518",518,"Bradesco",53,"Masculino",84,16,FALSE,8.13739173328504
"519",519,"Sofisa",33,"Feminino",81,27,TRUE,8.57998338202015
"520",520,"Citibank",27,"Masculino",77,61,FALSE,9.57922529340722
"521",521,"Itau",44,"Feminino",88,21,TRUE,18.4254983645398
"522",522,"Santander",25,"Masculino",89,66,FALSE,18.5896938916296
"523",523,"Bradesco",29,"Feminino",85,53,TRUE,8.33129773116671
"524",524,"Sofisa",32,"Masculino",80,51,FALSE,9.52675573136657
"525",525,"Citibank",35,"Feminino",86,45,TRUE,18.5230744700879
"526",526,"Itau",31,"Masculino",80,41,FALSE,8.19004279929213
"527",527,"Santander",35,"Feminino",59,31,TRUE,8.91083990777843
"528",528,"Bradesco",49,"Masculino",94,56,FALSE,18.3605210309848
"529",529,"Sofisa",41,"Feminino",98,45,TRUE,19.0701863264665
"530",530,"Citibank",47,"Masculino",68,21,FALSE,7.25821244264953
"531",531,"Itau",42,"Feminino",50,29,TRUE,5.68564988207072
"532",532,"Santander",57,"Masculino",86,26,FALSE,18.7734997432213
"533",533,"Bradesco",45,"Feminino",98,35,TRUE,19.4510277421679
"534",534,"Sofisa",24,"Masculino",85,46,FALSE,6.9913746916689
"535",535,"Citibank",37,"Feminino",56,46,TRUE,5.63114073756151
"536",536,"Itau",26,"Masculino",91,50,FALSE,18.4600905818865
"537",537,"Santander",43,"Feminino",53,65,TRUE,6.1660542906262
"538",538,"Bradesco",56,"Masculino",93,29,FALSE,18.9700254475698
"539",539,"Sofisa",48,"Feminino",93,47,TRUE,19.4155620892998
"540",540,"Citibank",46,"Masculino",95,15,FALSE,18.4920761602931
"541",541,"Itau",57,"Feminino",83,53,TRUE,6.43555453037843
"542",542,"Santander",26,"Masculino",58,57,FALSE,7.29785178317688
"543",543,"Bradesco",38,"Feminino",61,61,TRUE,9.31858132225461
"544",544,"Sofisa",36,"Masculino",75,10,FALSE,5.98356593740173
"545",545,"Citibank",35,"Feminino",79,23,TRUE,7.94287682366557
"546",546,"Itau",57,"Masculino",50,31,FALSE,7.52705585216172
"547",547,"Santander",22,"Feminino",62,64,TRUE,5.83251769365743
"548",548,"Bradesco",23,"Masculino",59,14,FALSE,8.54635155405849
"549",549,"Sofisa",34,"Feminino",93,35,TRUE,18.8217784634791
"550",550,"Citibank",52,"Masculino",78,51,FALSE,7.9623443112243
"551",551,"Itau",53,"Feminino",66,57,TRUE,6.80011449391022
"552",552,"Santander",53,"Masculino",65,15,FALSE,7.34124598749913
"553",553,"Bradesco",25,"Feminino",79,42,TRUE,7.80176725690253
"554",554,"Sofisa",53,"Masculino",73,38,FALSE,8.34212563266046
"555",555,"Citibank",40,"Feminino",85,23,TRUE,8.3155987909995
"556",556,"Itau",39,"Masculino",89,20,FALSE,18.4188590142876
"557",557,"Santander",53,"Feminino",81,21,TRUE,6.44189345138147
"558",558,"Bradesco",49,"Masculino",51,46,FALSE,7.34933679415844
"559",559,"Sofisa",22,"Feminino",81,12,TRUE,6.68107725107111
"560",560,"Citibank",49,"Masculino",71,11,FALSE,6.39548034621403
"561",561,"Itau",32,"Feminino",67,35,TRUE,9.59632295961492
"562",562,"Santander",37,"Masculino",53,51,FALSE,9.45800347262993
"563",563,"Bradesco",38,"Feminino",62,37,TRUE,9.5151541957166
"564",564,"Sofisa",54,"Masculino",92,41,FALSE,19.4850872491021
"565",565,"Citibank",36,"Feminino",76,50,TRUE,7.36996115730144
"566",566,"Itau",38,"Masculino",76,13,FALSE,5.72266079173423
"567",567,"Santander",36,"Feminino",53,27,TRUE,6.07429249649867
"568",568,"Bradesco",22,"Masculino",67,15,FALSE,9.01725833690725
"569",569,"Sofisa",22,"Feminino",74,63,TRUE,6.44403307088651
"570",570,"Citibank",42,"Masculino",85,57,FALSE,6.87231767494231
"571",571,"Itau",30,"Feminino",89,23,TRUE,19.4711134232581
"572",572,"Santander",46,"Masculino",54,26,FALSE,7.53601001719944
"573",573,"Bradesco",56,"Feminino",70,60,TRUE,8.24470511050895
"574",574,"Sofisa",47,"Masculino",66,29,FALSE,6.63962321998551
"575",575,"Citibank",30,"Feminino",85,37,TRUE,5.92028475767002
"576",576,"Itau",33,"Masculino",79,17,FALSE,9.04818570022471
"577",577,"Santander",26,"Feminino",74,44,TRUE,5.8468011174351
"578",578,"Bradesco",57,"Masculino",99,59,FALSE,18.5763281342573
"579",579,"Sofisa",35,"Feminino",99,33,TRUE,18.3376642639749
"580",580,"Citibank",37,"Masculino",69,22,FALSE,6.94557424648665
"581",581,"Itau",38,"Feminino",54,22,TRUE,9.13854532418772
"582",582,"Santander",32,"Masculino",64,18,FALSE,5.58221117565408
"583",583,"Bradesco",41,"Feminino",58,52,TRUE,7.33267596941441
"584",584,"Sofisa",38,"Masculino",68,17,FALSE,6.65053782500327
"585",585,"Citibank",22,"Feminino",67,57,TRUE,9.68915725806728
"586",586,"Itau",48,"Masculino",61,38,FALSE,9.02695857919753
"587",587,"Santander",28,"Feminino",63,34,TRUE,6.05550868418068
"588",588,"Bradesco",40,"Masculino",90,19,FALSE,19.1086954261642
"589",589,"Sofisa",26,"Feminino",76,17,TRUE,5.84281228398904
"590",590,"Citibank",46,"Masculino",55,21,FALSE,7.80465683978982
"591",591,"Itau",36,"Feminino",60,60,TRUE,7.99695595530793
"592",592,"Santander",27,"Masculino",95,66,FALSE,18.5704115950037
"593",593,"Bradesco",40,"Feminino",89,56,TRUE,19.446963415714
"594",594,"Sofisa",51,"Masculino",84,12,FALSE,8.43406567634083
"595",595,"Citibank",40,"Feminino",83,60,TRUE,7.50719634369016
"596",596,"Itau",35,"Masculino",83,19,FALSE,8.27589072640985
"597",597,"Santander",42,"Feminino",59,10,TRUE,6.0824827211909
"598",598,"Bradesco",25,"Masculino",99,11,FALSE,18.7868607379496
"599",599,"Sofisa",50,"Feminino",92,38,TRUE,18.1251030216925
"600",600,"Citibank",40,"Masculino",97,11,FALSE,18.5584952121135
"601",601,"Itau",51,"Feminino",50,36,TRUE,9.43267506291158
"602",602,"Santander",53,"Masculino",50,18,FALSE,9.37601014710963
"603",603,"Bradesco",22,"Feminino",62,66,TRUE,6.75771153331734
"604",604,"Sofisa",42,"Masculino",62,40,FALSE,8.67198051484302
"605",605,"Citibank",22,"Feminino",50,13,TRUE,6.86974701383151
"606",606,"Itau",43,"Masculino",58,51,FALSE,7.20636005843989
"607",607,"Santander",29,"Feminino",75,16,TRUE,8.76116754170507
"608",608,"Bradesco",33,"Masculino",70,16,FALSE,7.39179777973331
"609",609,"Sofisa",50,"Feminino",97,51,TRUE,18.2072730595246
"610",610,"Citibank",51,"Masculino",91,46,FALSE,18.2589233633596
"611",611,"Itau",47,"Feminino",58,49,TRUE,6.54603747078218
"612",612,"Santander",51,"Masculino",61,47,FALSE,9.67456258991733
"613",613,"Bradesco",53,"Feminino",54,61,TRUE,8.04499559155665
"614",614,"Sofisa",55,"Masculino",91,43,FALSE,18.2890743889846
"615",615,"Citibank",26,"Feminino",71,33,TRUE,7.01999576804228
"616",616,"Itau",46,"Masculino",55,32,FALSE,6.80513916867785
"617",617,"Santander",27,"Feminino",52,21,TRUE,5.66151661467738
"618",618,"Bradesco",32,"Masculino",96,38,FALSE,18.4094029299449
"619",619,"Sofisa",45,"Feminino",53,38,TRUE,5.58975479197688
"620",620,"Citibank",33,"Masculino",93,32,FALSE,18.8868533988018
"621",621,"Itau",53,"Feminino",66,16,TRUE,5.92841114383191
"622",622,"Santander",42,"Masculino",96,16,FALSE,19.0383357645012
"623",623,"Bradesco",49,"Feminino",79,48,TRUE,8.62630587406456
"624",624,"Sofisa",35,"Masculino",63,59,FALSE,6.22253348091617
"625",625,"Citibank",34,"Feminino",84,18,TRUE,8.38175534293987
"626",626,"Itau",51,"Masculino",51,58,FALSE,6.51369588482194
"627",627,"Santander",28,"Feminino",58,64,TRUE,8.78762224256061
"628",628,"Bradesco",23,"Masculino",57,41,FALSE,9.66746646133251
"629",629,"Sofisa",39,"Feminino",74,26,TRUE,9.42056810939684
"630",630,"Citibank",41,"Masculino",65,57,FALSE,6.41451848293655
"631",631,"Itau",35,"Feminino",73,16,TRUE,9.64276304962113
"632",632,"Santander",26,"Masculino",90,11,FALSE,18.6664497228339
"633",633,"Bradesco",40,"Feminino",64,25,TRUE,6.14868851960637
"634",634,"Sofisa",26,"Masculino",72,41,FALSE,6.19075682223774
"635",635,"Citibank",40,"Feminino",51,10,TRUE,5.5532025238499
"636",636,"Itau",31,"Masculino",84,26,FALSE,6.05579269630834
"637",637,"Santander",38,"Feminino",69,32,TRUE,8.47386866654269
"638",638,"Bradesco",48,"Masculino",86,25,FALSE,18.1921684344765
"639",639,"Sofisa",54,"Feminino",98,20,TRUE,18.1207447063643
"640",640,"Citibank",28,"Masculino",76,26,FALSE,6.48712508217432
"641",641,"Itau",27,"Feminino",73,52,TRUE,7.29451485043392
"642",642,"Santander",56,"Masculino",61,30,FALSE,9.6797722929623
"643",643,"Bradesco",44,"Feminino",62,21,TRUE,9.25079401475377
"644",644,"Sofisa",51,"Masculino",92,53,FALSE,19.4829960507341
"645",645,"Citibank",56,"Feminino",77,31,TRUE,9.39789731074124
"646",646,"Itau",39,"Masculino",83,54,FALSE,6.92739078840241
"647",647,"Santander",43,"Feminino",87,23,TRUE,18.2743059004657
"648",648,"Bradesco",56,"Masculino",67,20,FALSE,9.57100419481285
"649",649,"Sofisa",52,"Feminino",91,21,TRUE,18.4251357546076
"650",650,"Citibank",37,"Masculino",67,30,FALSE,7.00263807829469
"651",651,"Itau",51,"Feminino",66,35,TRUE,6.16643452211283
"652",652,"Santander",29,"Masculino",85,57,FALSE,7.35863546351902
"653",653,"Bradesco",52,"Feminino",69,34,TRUE,8.52632222054526
"654",654,"Sofisa",32,"Masculino",95,34,FALSE,18.9773150850087
"655",655,"Citibank",45,"Feminino",82,12,TRUE,8.21966291414574
"656",656,"Itau",31,"Masculino",92,11,FALSE,19.3642881683074
"657",657,"Santander",36,"Feminino",60,56,TRUE,8.52227320196107
"658",658,"Bradesco",31,"Masculino",64,39,FALSE,5.78306495640427
"659",659,"Sofisa",43,"Feminino",70,66,TRUE,8.34350545024499
"660",660,"Citibank",32,"Masculino",51,18,FALSE,6.56109876786359
"661",661,"Itau",34,"Feminino",97,46,TRUE,18.1506917926483
"662",662,"Santander",34,"Masculino",75,13,FALSE,8.74948598542251
"663",663,"Bradesco",36,"Feminino",65,31,TRUE,9.6911695505958
"664",664,"Sofisa",37,"Masculino",97,59,FALSE,18.8981688126922
"665",665,"Citibank",43,"Feminino",66,27,TRUE,7.00175343421288
"666",666,"Itau",23,"Masculino",58,44,FALSE,6.9691362909507
"667",667,"Santander",52,"Feminino",78,14,TRUE,8.28341497662477
"668",668,"Bradesco",46,"Masculino",61,45,FALSE,8.9648836594075
"669",669,"Sofisa",23,"Feminino",89,33,TRUE,19.130435636919
"670",670,"Citibank",44,"Masculino",68,35,FALSE,7.9042735659983
"671",671,"Itau",57,"Feminino",82,36,TRUE,6.64756566234864
"672",672,"Santander",42,"Masculino",70,52,FALSE,8.58391339252703
"673",673,"Bradesco",30,"Feminino",70,37,TRUE,8.90691495100036
"674",674,"Sofisa",56,"Masculino",71,49,FALSE,7.71685942602344
"675",675,"Citibank",43,"Feminino",51,15,TRUE,5.76023181159981
"676",676,"Itau",51,"Masculino",78,45,FALSE,6.40008031902835
"677",677,"Santander",29,"Feminino",73,46,TRUE,5.97907445058227
"678",678,"Bradesco",32,"Masculino",94,54,FALSE,19.1741838724818
"679",679,"Sofisa",50,"Feminino",90,36,TRUE,18.8259915294126
"680",680,"Citibank",43,"Masculino",95,26,FALSE,19.1920386325102
"681",681,"Itau",37,"Feminino",80,42,TRUE,5.61663648891263
"682",682,"Santander",57,"Masculino",95,37,FALSE,19.2597599696834
"683",683,"Bradesco",48,"Feminino",89,51,TRUE,18.3323365079239
"684",684,"Sofisa",22,"Masculino",95,37,FALSE,18.5270043417346
"685",685,"Citibank",57,"Feminino",64,62,TRUE,6.55326994932257
"686",686,"Itau",22,"Masculino",94,26,FALSE,18.1261064199265
"687",687,"Santander",24,"Feminino",86,35,TRUE,19.4067130166572
"688",688,"Bradesco",56,"Masculino",66,50,FALSE,8.72007623398676
"689",689,"Sofisa",31,"Feminino",78,54,TRUE,6.87927162339911
"690",690,"Citibank",40,"Masculino",84,31,FALSE,6.02056459216401
"691",691,"Itau",43,"Feminino",95,61,TRUE,19.0513063022867
"692",692,"Santander",51,"Masculino",99,19,FALSE,19.3652896834537
"693",693,"Bradesco",27,"Feminino",60,28,TRUE,8.86417417190969
"694",694,"Sofisa",45,"Masculino",88,60,FALSE,19.010393509455
"695",695,"Citibank",34,"Feminino",92,14,TRUE,19.0780163119547
"696",696,"Itau",32,"Masculino",78,28,FALSE,6.46460279449821
"697",697,"Santander",41,"Feminino",93,56,TRUE,18.5044835596811
"698",698,"Bradesco",52,"Masculino",71,58,FALSE,6.52724620206282
"699",699,"Sofisa",25,"Feminino",86,66,TRUE,18.1508138351142
"700",700,"Citibank",25,"Masculino",64,11,FALSE,7.93945847190916
"701",701,"Itau",29,"Feminino",51,63,TRUE,8.48949445672333
"702",702,"Santander",45,"Masculino",59,36,FALSE,6.12760274750181
"703",703,"Bradesco",52,"Feminino",55,43,TRUE,5.80045972182415
"704",704,"Sofisa",55,"Masculino",82,28,FALSE,8.14421251188032
"705",705,"Citibank",50,"Feminino",69,55,TRUE,9.69572194325738
"706",706,"Itau",23,"Masculino",72,55,FALSE,5.73824048032984
"707",707,"Santander",49,"Feminino",62,11,TRUE,7.64811871419661
"708",708,"Bradesco",37,"Masculino",86,48,FALSE,19.1310852392577
"709",709,"Sofisa",48,"Feminino",71,54,TRUE,8.42110084453598
"710",710,"Citibank",24,"Masculino",84,14,FALSE,8.00928036388941
"711",711,"Itau",53,"Feminino",85,36,TRUE,5.94322027764283
"712",712,"Santander",51,"Masculino",62,20,FALSE,6.76121021569706
"713",713,"Bradesco",36,"Feminino",65,24,TRUE,6.09652885342948
"714",714,"Sofisa",29,"Masculino",58,36,FALSE,8.42326442818157
"715",715,"Citibank",27,"Feminino",85,45,TRUE,7.89279780150391
"716",716,"Itau",39,"Masculino",85,27,FALSE,7.90152200623415
"717",717,"Santander",37,"Feminino",97,41,TRUE,18.5694746276829
"718",718,"Bradesco",26,"Masculino",95,37,FALSE,18.482205663994
"719",719,"Sofisa",41,"Feminino",98,55,TRUE,19.1184107983485
"720",720,"Citibank",37,"Masculino",76,29,FALSE,9.55441353847273
"721",721,"Itau",48,"Feminino",64,48,TRUE,9.14136783271097
"722",722,"Santander",54,"Masculino",89,19,FALSE,18.4981652900577
"723",723,"Bradesco",53,"Feminino",76,21,TRUE,7.21247987858951
"724",724,"Sofisa",35,"Masculino",65,12,FALSE,8.19086851286702
"725",725,"Citibank",29,"Feminino",99,29,TRUE,18.9697532577906
"726",726,"Itau",36,"Masculino",77,27,FALSE,8.15614927560091
"727",727,"Santander",49,"Feminino",95,22,TRUE,18.2938744899817
"728",728,"Bradesco",40,"Masculino",98,22,FALSE,18.4240275263786
"729",729,"Sofisa",45,"Feminino",91,49,TRUE,18.2140502940398
"730",730,"Citibank",53,"Masculino",54,32,FALSE,5.78424334162846
"731",731,"Itau",54,"Feminino",55,60,TRUE,6.12446502633393
"732",732,"Santander",47,"Masculino",67,15,FALSE,5.97444203044288
"733",733,"Bradesco",56,"Feminino",78,49,TRUE,6.98338702977635
"734",734,"Sofisa",50,"Masculino",71,11,FALSE,7.11903784675524
"735",735,"Citibank",40,"Feminino",70,39,TRUE,8.74916255166754
"736",736,"Itau",40,"Masculino",75,29,FALSE,7.71722646187991
"737",737,"Santander",55,"Feminino",82,12,TRUE,6.72918921881355
"738",738,"Bradesco",38,"Masculino",63,23,FALSE,5.52676388872787
"739",739,"Sofisa",42,"Feminino",99,44,TRUE,18.7263708919752
"740",740,"Citibank",50,"Masculino",59,11,FALSE,8.58879756717943
"741",741,"Itau",39,"Feminino",65,60,TRUE,9.448661586456
"742",742,"Santander",47,"Masculino",61,15,FALSE,6.12601917800494
"743",743,"Bradesco",40,"Feminino",58,59,TRUE,9.29566756715067
"744",744,"Sofisa",22,"Masculino",90,31,FALSE,18.2408744269051
"745",745,"Citibank",57,"Feminino",67,49,TRUE,9.28636643253267
"746",746,"Itau",45,"Masculino",57,14,FALSE,8.50760519998148
"747",747,"Santander",38,"Feminino",54,31,TRUE,8.63085821880959
"748",748,"Bradesco",51,"Masculino",84,42,FALSE,8.03729006717913
"749",749,"Sofisa",22,"Feminino",71,62,TRUE,7.25351571557112
"750",750,"Citibank",27,"Masculino",57,47,FALSE,5.93966294247657
"751",751,"Itau",29,"Feminino",59,61,TRUE,7.82192429387942
"752",752,"Santander",46,"Masculino",56,32,FALSE,9.04032692308538
"753",753,"Bradesco",48,"Feminino",53,30,TRUE,5.54087773584761
"754",754,"Sofisa",43,"Masculino",81,66,FALSE,6.24665324073285
"755",755,"Citibank",42,"Feminino",78,55,TRUE,6.8252244296018
"756",756,"Itau",23,"Masculino",84,57,FALSE,7.73879128601402
"757",757,"Santander",22,"Feminino",80,27,TRUE,8.53884708848782
"758",758,"Bradesco",51,"Masculino",69,52,FALSE,6.12456031180918
"759",759,"Sofisa",25,"Feminino",69,25,TRUE,9.0157050545793
"760",760,"Citibank",44,"Masculino",55,57,FALSE,9.62128270920366
"761",761,"Itau",43,"Feminino",62,59,TRUE,7.60151160177775
"762",762,"Santander",49,"Masculino",80,11,FALSE,8.41836296934634
"763",763,"Bradesco",40,"Feminino",65,43,TRUE,6.88930280082859
"764",764,"Sofisa",50,"Masculino",88,12,FALSE,18.5243094874546
"765",765,"Citibank",34,"Feminino",52,60,TRUE,7.6635318458546
"766",766,"Itau",28,"Masculino",51,36,FALSE,5.55082403742708
"767",767,"Santander",34,"Feminino",86,49,TRUE,18.2498031058814
"768",768,"Bradesco",28,"Masculino",56,52,FALSE,9.22813264490105
"769",769,"Sofisa",22,"Feminino",65,26,TRUE,9.15376809709705
"770",770,"Citibank",47,"Masculino",88,53,FALSE,18.2290818150621
"771",771,"Itau",49,"Feminino",74,56,TRUE,7.56586018525995
"772",772,"Santander",55,"Masculino",73,19,FALSE,8.77063792245463
"773",773,"Bradesco",30,"Feminino",65,48,TRUE,7.09101960649714
"774",774,"Sofisa",44,"Masculino",58,34,FALSE,7.01597928283736
"775",775,"Citibank",41,"Feminino",57,37,TRUE,8.50086866063066
"776",776,"Itau",46,"Masculino",80,51,FALSE,5.56152540501207
"777",777,"Santander",54,"Feminino",97,41,TRUE,19.034758212138
"778",778,"Bradesco",22,"Masculino",58,15,FALSE,6.60136593249626
"779",779,"Sofisa",29,"Feminino",88,57,TRUE,19.3288965057582
"780",780,"Citibank",22,"Masculino",83,29,FALSE,9.52374839796685
"781",781,"Itau",46,"Feminino",65,33,TRUE,8.53846712689847
"782",782,"Santander",53,"Masculino",81,64,FALSE,6.48273557350039
"783",783,"Bradesco",33,"Feminino",93,37,TRUE,18.2701297156047
"784",784,"Sofisa",49,"Masculino",98,36,FALSE,18.7374772831332
"785",785,"Citibank",42,"Feminino",89,43,TRUE,18.9294358195737
"786",786,"Itau",46,"Masculino",58,27,FALSE,7.2921978761442
"787",787,"Santander",40,"Feminino",99,37,TRUE,19.4228720788844
"788",788,"Bradesco",55,"Masculino",68,55,FALSE,6.41025894936174
"789",789,"Sofisa",36,"Feminino",57,66,TRUE,8.61973616741598
"790",790,"Citibank",56,"Masculino",93,11,FALSE,18.4240557215177
"791",791,"Itau",36,"Feminino",95,42,TRUE,18.4464310256764
"792",792,"Santander",41,"Masculino",89,49,FALSE,18.9660151211079
"793",793,"Bradesco",42,"Feminino",53,30,TRUE,9.34296225951984
"794",794,"Sofisa",57,"Masculino",86,19,FALSE,18.7608967253473
"795",795,"Citibank",54,"Feminino",56,35,TRUE,9.36311216475442
"796",796,"Itau",33,"Masculino",78,25,FALSE,6.08417823254131
"797",797,"Santander",47,"Feminino",75,42,TRUE,6.32889162907377
"798",798,"Bradesco",38,"Masculino",63,41,FALSE,9.44851715913974
"799",799,"Sofisa",22,"Feminino",50,27,TRUE,8.77883630762808
"800",800,"Citibank",27,"Masculino",77,10,FALSE,7.23116593039595
"801",801,"Itau",46,"Feminino",53,11,TRUE,6.0432191519998
"802",802,"Santander",29,"Masculino",97,26,FALSE,19.3558588905726
"803",803,"Bradesco",23,"Feminino",61,29,TRUE,7.12259406908415
"804",804,"Sofisa",22,"Masculino",73,53,FALSE,7.43416328034364
"805",805,"Citibank",57,"Feminino",62,42,TRUE,6.42545223794878
"806",806,"Itau",38,"Masculino",65,11,FALSE,6.07198027474806
"807",807,"Santander",47,"Feminino",86,23,TRUE,18.3954396675806
"808",808,"Bradesco",46,"Masculino",51,38,FALSE,7.31012703818269
"809",809,"Sofisa",45,"Feminino",95,57,TRUE,18.3464675319847
"810",810,"Citibank",44,"Masculino",60,26,FALSE,9.41739446744323
"811",811,"Itau",45,"Feminino",79,52,TRUE,8.84655510718003
"812",812,"Santander",31,"Masculino",77,12,FALSE,9.12521704146639
"813",813,"Bradesco",57,"Feminino",84,61,TRUE,6.18531932001933
"814",814,"Sofisa",23,"Masculino",53,39,FALSE,9.59439280875958
"815",815,"Citibank",38,"Feminino",78,10,TRUE,6.24319489039481
"816",816,"Itau",25,"Masculino",77,32,FALSE,8.59785588616505
"817",817,"Santander",34,"Feminino",74,47,TRUE,9.4976247026585
"818",818,"Bradesco",52,"Masculino",72,26,FALSE,6.09916325723752
"819",819,"Sofisa",40,"Feminino",94,62,TRUE,18.8347398104146
"820",820,"Citibank",51,"Masculino",97,48,FALSE,19.1550969860516
"821",821,"Itau",29,"Feminino",59,50,TRUE,7.56995735606179
"822",822,"Santander",40,"Masculino",63,56,FALSE,7.93253062623553
"823",823,"Bradesco",34,"Feminino",73,26,TRUE,8.28384538749233
"824",824,"Sofisa",49,"Masculino",56,26,FALSE,7.51906576608308
"825",825,"Citibank",53,"Feminino",58,44,TRUE,5.75180518720299
"826",826,"Itau",22,"Masculino",50,43,FALSE,8.73682212820277
"827",827,"Santander",55,"Feminino",59,40,TRUE,7.98143264297396
"828",828,"Bradesco",23,"Masculino",62,63,FALSE,7.67739056670107
"829",829,"Sofisa",42,"Feminino",98,66,TRUE,18.8084428302944
"830",830,"Citibank",23,"Masculino",93,53,FALSE,18.9648707250133
"831",831,"Itau",30,"Feminino",57,37,TRUE,7.99122565365396
"832",832,"Santander",39,"Masculino",85,15,FALSE,8.62651681737043
"833",833,"Bradesco",25,"Feminino",51,52,TRUE,9.1468739612028
"834",834,"Sofisa",31,"Masculino",57,50,FALSE,7.99046303150244
"835",835,"Citibank",44,"Feminino",70,47,TRUE,9.24497595541179
"836",836,"Itau",37,"Masculino",51,13,FALSE,6.60511281671934
"837",837,"Santander",56,"Feminino",66,51,TRUE,5.81289748433046
"838",838,"Bradesco",43,"Masculino",76,13,FALSE,5.86276106098667
"839",839,"Sofisa",54,"Feminino",90,33,TRUE,19.259698275663
"840",840,"Citibank",39,"Masculino",68,65,FALSE,8.51034990865737
"841",841,"Itau",51,"Feminino",60,30,TRUE,8.50327083542943
"842",842,"Santander",41,"Masculino",75,53,FALSE,7.3277612817008
"843",843,"Bradesco",23,"Feminino",64,39,TRUE,7.46272700354457
"844",844,"Sofisa",33,"Masculino",63,14,FALSE,8.46761590535752
"845",845,"Citibank",53,"Feminino",59,54,TRUE,9.58349534417503
"846",846,"Itau",25,"Masculino",73,61,FALSE,5.5503897590097
"847",847,"Santander",25,"Feminino",98,56,TRUE,19.1814954677597
"848",848,"Bradesco",45,"Masculino",61,31,FALSE,8.98047264870256
"849",849,"Sofisa",45,"Feminino",62,19,TRUE,6.81286408263259
"850",850,"Citibank",28,"Masculino",76,25,FALSE,6.03541492638178
"851",851,"Itau",46,"Feminino",96,37,TRUE,18.7886741947383
"852",852,"Santander",34,"Masculino",72,27,FALSE,6.07588114026003
"853",853,"Bradesco",51,"Feminino",60,15,TRUE,8.4767510551028
"854",854,"Sofisa",43,"Masculino",54,12,FALSE,7.00493422257714
"855",855,"Citibank",46,"Feminino",94,38,TRUE,19.4612321004272
"856",856,"Itau",49,"Masculino",68,28,FALSE,8.90549999689683
"857",857,"Santander",36,"Feminino",84,33,TRUE,5.60142164863646
"858",858,"Bradesco",49,"Masculino",82,64,FALSE,8.26617779796943
"859",859,"Sofisa",50,"Feminino",78,21,TRUE,6.6688079954125
"860",860,"Citibank",41,"Masculino",69,28,FALSE,5.78269372344948
"861",861,"Itau",46,"Feminino",77,40,TRUE,7.21346844779328
"862",862,"Santander",25,"Masculino",84,11,FALSE,9.28788169161417
"863",863,"Bradesco",49,"Feminino",82,14,TRUE,6.74905802211724
"864",864,"Sofisa",48,"Masculino",86,49,FALSE,19.0146222965792
"865",865,"Citibank",52,"Feminino",88,36,TRUE,19.0767773833592
"866",866,"Itau",52,"Masculino",82,18,FALSE,5.56072891368531
"867",867,"Santander",29,"Feminino",79,40,TRUE,9.01671800059266
"868",868,"Bradesco",36,"Masculino",58,59,FALSE,7.5864682264626
"869",869,"Sofisa",40,"Feminino",51,56,TRUE,8.57262415345758
"870",870,"Citibank",23,"Masculino",94,45,FALSE,18.7981699758209
"871",871,"Itau",36,"Feminino",56,63,TRUE,8.06163919470273
"872",872,"Santander",25,"Masculino",76,28,FALSE,6.16654890868813
"873",873,"Bradesco",34,"Feminino",72,26,TRUE,9.3065021798946
"874",874,"Sofisa",53,"Masculino",67,15,FALSE,8.90078007429838
"875",875,"Citibank",31,"Feminino",52,32,TRUE,8.77588132354431
"876",876,"Itau",23,"Masculino",72,28,FALSE,6.19170349086635
"877",877,"Santander",37,"Feminino",96,45,TRUE,19.2870832886547
"878",878,"Bradesco",30,"Masculino",82,20,FALSE,9.37450535828248
"879",879,"Sofisa",45,"Feminino",92,25,TRUE,18.3104817463085
"880",880,"Citibank",51,"Masculino",63,51,FALSE,6.70758699630387
"881",881,"Itau",49,"Feminino",52,39,TRUE,9.45281019420363
"882",882,"Santander",36,"Masculino",53,17,FALSE,6.38651085570455
"883",883,"Bradesco",34,"Feminino",58,50,TRUE,6.61350268032402
"884",884,"Sofisa",35,"Masculino",66,28,FALSE,5.99762779604644
"885",885,"Citibank",27,"Feminino",51,41,TRUE,8.64149899054319
"886",886,"Itau",32,"Masculino",86,33,FALSE,18.308585195709
"887",887,"Santander",53,"Feminino",70,34,TRUE,7.20261934371665
"888",888,"Bradesco",24,"Masculino",78,12,FALSE,6.37392179816961
"889",889,"Sofisa",44,"Feminino",91,42,TRUE,18.651751015801
"890",890,"Citibank",33,"Masculino",64,20,FALSE,6.2918636190705
"891",891,"Itau",57,"Feminino",91,60,TRUE,18.182495721383
"892",892,"Santander",50,"Masculino",61,43,FALSE,6.31932398066856
"893",893,"Bradesco",46,"Feminino",54,24,TRUE,8.3009950294625
"894",894,"Sofisa",53,"Masculino",84,35,FALSE,6.08633524184115
"895",895,"Citibank",43,"Feminino",78,29,TRUE,9.4276124089025
"896",896,"Itau",37,"Masculino",86,38,FALSE,18.952248836495
"897",897,"Santander",52,"Feminino",82,32,TRUE,9.61635890072212
"898",898,"Bradesco",30,"Masculino",70,66,FALSE,9.57728940821253
"899",899,"Sofisa",44,"Feminino",58,54,TRUE,9.69502117941156
"900",900,"Citibank",25,"Masculino",50,26,FALSE,6.25366118820384
"901",901,"Itau",38,"Feminino",76,26,TRUE,8.82288490626961
"902",902,"Santander",25,"Masculino",99,41,FALSE,18.9309387931135
"903",903,"Bradesco",38,"Feminino",75,40,TRUE,8.23650900479406
"904",904,"Sofisa",37,"Masculino",72,22,FALSE,5.80081882895902
"905",905,"Citibank",29,"Feminino",62,17,TRUE,8.63843708899803
"906",906,"Itau",57,"Masculino",55,65,FALSE,7.24581262711436
"907",907,"Santander",47,"Feminino",62,38,TRUE,8.62569288648665
"908",908,"Bradesco",44,"Masculino",90,52,FALSE,19.2170691711362
"909",909,"Sofisa",31,"Feminino",63,50,TRUE,8.92730931960978
"910",910,"Citibank",47,"Masculino",69,21,FALSE,8.3423826912418
"911",911,"Itau",27,"Feminino",70,41,TRUE,5.80442291209474
"912",912,"Santander",33,"Masculino",70,54,FALSE,7.13191738124005
"913",913,"Bradesco",37,"Feminino",88,11,TRUE,19.0106731298845
"914",914,"Sofisa",29,"Masculino",62,28,FALSE,6.18300051903352
"915",915,"Citibank",27,"Feminino",94,45,TRUE,18.7818958962802
"916",916,"Itau",31,"Masculino",62,20,FALSE,6.59659010204487
"917",917,"Santander",51,"Feminino",87,32,TRUE,18.7056416352745
"918",918,"Bradesco",43,"Masculino",83,30,FALSE,8.92773630786687
"919",919,"Sofisa",28,"Feminino",53,63,TRUE,7.05129203596152
"920",920,"Citibank",26,"Masculino",99,65,FALSE,18.6736736976542
"921",921,"Itau",49,"Feminino",67,65,TRUE,6.63773385589011
"922",922,"Santander",55,"Masculino",67,32,FALSE,7.77804875611328
"923",923,"Bradesco",48,"Feminino",85,46,TRUE,9.48018682799302
"924",924,"Sofisa",35,"Masculino",66,23,FALSE,6.51431849775836
"925",925,"Citibank",33,"Feminino",90,31,TRUE,18.7151236180216
"926",926,"Itau",28,"Masculino",79,50,FALSE,7.36693634903058
"927",927,"Santander",45,"Feminino",85,14,TRUE,5.74311412801035
"928",928,"Bradesco",37,"Masculino",98,50,FALSE,18.4705778739881
"929",929,"Sofisa",43,"Feminino",78,48,TRUE,6.40661702877842
"930",930,"Citibank",32,"Masculino",62,62,FALSE,8.7276104205288
"931",931,"Itau",28,"Feminino",52,62,TRUE,6.4782720582094
"932",932,"Santander",57,"Masculino",97,64,FALSE,19.0219070696738
"933",933,"Bradesco",37,"Feminino",73,49,TRUE,7.43544457368553
"934",934,"Sofisa",50,"Masculino",54,18,FALSE,7.95195250604302
"935",935,"Citibank",39,"Feminino",92,36,TRUE,18.5254950158298
"936",936,"Itau",29,"Masculino",78,17,FALSE,8.6338450722862
"937",937,"Santander",57,"Feminino",57,35,TRUE,9.59471240821294
"938",938,"Bradesco",56,"Masculino",88,66,FALSE,19.1050488426816
"939",939,"Sofisa",36,"Feminino",88,39,TRUE,19.0728125163354
"940",940,"Citibank",42,"Masculino",84,42,FALSE,8.50568511844613
"941",941,"Itau",46,"Feminino",59,40,TRUE,5.98541036066599
"942",942,"Santander",53,"Masculino",74,26,FALSE,8.88107656254433
"943",943,"Bradesco",27,"Feminino",85,39,TRUE,8.06178953628987
"944",944,"Sofisa",39,"Masculino",88,10,FALSE,19.0690987043083
"945",945,"Citibank",56,"Feminino",71,43,TRUE,9.25870411344804
"946",946,"Itau",50,"Masculino",94,53,FALSE,18.2258255493362
"947",947,"Santander",26,"Feminino",86,14,TRUE,18.7248961539939
"948",948,"Bradesco",49,"Masculino",82,19,FALSE,7.96687972480431
"949",949,"Sofisa",48,"Feminino",97,43,TRUE,18.5936593730934
"950",950,"Citibank",39,"Masculino",87,47,FALSE,18.6475534927566
"951",951,"Itau",29,"Feminino",89,66,TRUE,18.2222631040495
"952",952,"Santander",46,"Masculino",89,57,FALSE,19.243864647951
"953",953,"Bradesco",38,"Feminino",56,56,TRUE,5.75198047473095
"954",954,"Sofisa",35,"Masculino",58,64,FALSE,7.16113646784797
"955",955,"Citibank",45,"Feminino",70,41,TRUE,8.2070467622485
"956",956,"Itau",22,"Masculino",54,11,FALSE,8.0096869925037
"957",957,"Santander",42,"Feminino",88,44,TRUE,18.3996881816536
"958",958,"Bradesco",35,"Masculino",51,63,FALSE,5.5877653575968
"959",959,"Sofisa",54,"Feminino",50,17,TRUE,9.40710351779126
"960",960,"Citibank",25,"Masculino",79,11,FALSE,9.5834445761051
"961",961,"Itau",36,"Feminino",85,36,TRUE,6.92090035430156
"962",962,"Santander",46,"Masculino",73,58,FALSE,6.77959267511033
"963",963,"Bradesco",24,"Feminino",90,42,TRUE,19.0608594919555
"964",964,"Sofisa",54,"Masculino",77,31,FALSE,6.82406093371101
"965",965,"Citibank",47,"Feminino",91,19,TRUE,19.209734075563
"966",966,"Itau",43,"Masculino",81,41,FALSE,5.62020129710436
"967",967,"Santander",47,"Feminino",51,41,TRUE,8.26969372052699
"968",968,"Bradesco",26,"Masculino",69,24,FALSE,7.52316513713449
"969",969,"Sofisa",36,"Feminino",55,53,TRUE,8.69465341302566
"970",970,"Citibank",26,"Masculino",80,47,FALSE,7.41645496762358
"971",971,"Itau",34,"Feminino",78,22,TRUE,7.5174544529058
"972",972,"Santander",22,"Masculino",71,53,FALSE,6.14024310898967
"973",973,"Bradesco",22,"Feminino",89,60,TRUE,18.6777244695928
"974",974,"Sofisa",47,"Masculino",86,40,FALSE,18.6741589406971
"975",975,"Citibank",38,"Feminino",94,63,TRUE,19.1603244384285
"976",976,"Itau",54,"Masculino",51,24,FALSE,7.83757693786174
"977",977,"Santander",35,"Feminino",82,34,TRUE,6.43131936774589
"978",978,"Bradesco",38,"Masculino",83,34,FALSE,6.28017450664192
"979",979,"Sofisa",46,"Feminino",85,20,TRUE,6.8589994742535
"980",980,"Citibank",22,"Masculino",88,45,FALSE,18.815404801676
"981",981,"Itau",52,"Feminino",64,59,TRUE,6.00309952632524
"982",982,"Santander",37,"Masculino",96,18,FALSE,18.3318300577346
"983",983,"Bradesco",32,"Feminino",99,56,TRUE,19.1652668202762
"984",984,"Sofisa",45,"Masculino",57,32,FALSE,6.91778050111607
"985",985,"Citibank",25,"Feminino",81,41,TRUE,7.9818208374083
"986",986,"Itau",24,"Masculino",59,38,FALSE,7.38817285778932
"987",987,"Santander",53,"Feminino",94,59,TRUE,18.901062063314
"988",988,"Bradesco",36,"Masculino",82,61,FALSE,8.62167101213709
"989",989,"Sofisa",45,"Feminino",68,32,TRUE,8.82293543671258
"990",990,"Citibank",29,"Masculino",72,50,FALSE,8.85666775838472
"991",991,"Itau",35,"Feminino",90,11,TRUE,19.2063057646621
"992",992,"Santander",22,"Masculino",91,37,FALSE,18.8511263885535
"993",993,"Bradesco",24,"Feminino",70,27,TRUE,7.7702830915805
"994",994,"Sofisa",50,"Masculino",50,41,FALSE,8.08877061409876
"995",995,"Citibank",32,"Feminino",59,15,TRUE,7.40572120747529
"996",996,"Itau",27,"Masculino",79,15,FALSE,7.73054145607166
"997",997,"Santander",25,"Feminino",50,63,TRUE,9.39958003521897
"998",998,"Bradesco",44,"Masculino",55,60,FALSE,7.01360576506704
"999",999,"Sofisa",45,"Feminino",54,15,TRUE,9.10050032949075
"1000",1000,"Citibank",29,"Masculino",86,24,FALSE,19.0466243537143
